name,cpu-usage,context-switch,cpu-migration,page-faults,cycles-GHz,stalled-cycles-frontend-percent,stalled-cycles-backend-percent,Instructions-per-cycle,stalled-cycles-per-instruction,branches,branch-misses-percent,bus-cycle,cache-misses-percent,cache-references,ref-cycles,malware
ping,0,5,0,10,1.030,164.64,146.36,0.61,2.72,58266,26.43,85861,111.667,19973,2060667,0
curl,0.014,5,0.601,14,0.072,317.32,255.84,18.07,0.18,135878,7.95,75561,86.263,13152,2119754,0
top,0.005,0.219,0.060,6,0.071,247.85,266.19,11.33,0.24,104448,3.49,54497,106.584,4657,1781822,0
unzip,0.001,0.717,0,16,0.012,2346.59,2664.54,79.12,0.34,93458,14.89,97912,73.217,7863,2349887,0
system-monitor,0.182,11,0.181,4,1.527,60.68,48.13,0.88,0.69,289124,2.14,87246,23.621,19071,2140178,0
sublime,0.157,4,0.237,41,0.922,29.45,31.54,0.42,0.75,81212,13.95,72923,85.676,17267,2313615,0
calculator,0.062,2,0.189,5,1.100,48.84,35.02,0.96,0.51,231173,2.78,77247,42.083,13365,2000843,0
find,0.406,0.956,0.056,11,0.032,306.46,368.78,11.98,0.31,53105,0.53,27445,106.372,1582,971729,0
tail,0,8,0.709,48,0.435,306.47,244.08,2.93,1.05,133311,9.37,90670,100.445,15271,2176086,0
spotify,0.370,5,0.467,15,1.354,63.32,51.43,0.74,0.86,198348,3.05,78884,41.534,19218,1925909,0
perf,0.190,4,0.137,14,0.693,74.91,65.85,1.49,0.50,241903,2.89,65722,54.560,13870,1699014,0
ls,0.579,19,0,26,0.297,359.57,359.34,4.99,0.72,153480,7.36,87639,95.313,12128,2103360,0
cp,0.106,2,0.150,0.158,0.915,58.20,39.07,0.85,0.69,140291,1.34,92480,48.854,24849,2219658,0
cat,0.412,37,0,31,0.757,127.44,99.30,1.52,0.84,126140,6.77,75666,101.751,9177,1815993,0
vlc,0.073,5,0.398,10,0.853,55.66,48.37,0.98,0.57,191395,2.58,65898,45.749,11646,1717818,0
ssh,0.022,0.292,0.046,5,0.044,214.46,189.88,30.69,0.07,34884,3.31,40536,113.177,1051,1408932,0
zsh,0.050,0.574,0.185,26,0.423,30.83,19.64,0.71,0.43,161921,1.11,42612,21.307,3492,1304750,0
sl,0.015,4,0.453,2,0.046,201.94,296.21,9.03,0.33,70431,5.87,33153,117.662,4934,1321994,0
head,0.093,5,0.190,13,0.803,157.03,109.53,2.72,0.58,348305,2.16,94846,58.688,12534,2276301,0
calender,0.200,3,0.119,5,1.086,51.50,43.42,0.78,0.66,201979,1.79,64897,13.202,19402,1671530,0
help,0.179,3,0.385,18,0.610,41.89,34.70,1.01,0.42,182.384,2.47,55528,34.303,12954,1563441,0
screensaver,0.755,3,0.164,16,0.029,293.22,262.39,12.51,0.23,47395,1.08,35526,61.085,6970,1301211,0
screenshot,0.190,3,0.165,7,1.523,48.08,35.19,1.13,0.42,361733,2.93,84854,30.758,13.393,2109862,0
gnome-software,0.883,1,0.124,15,0.003,1852.55,2496.88,85.32,0.29,35031,0.57,24367,8.980,3601,877674,0
terminal,0.696,1,0.051,27,1.206,47.85,37.77,0.98,0.49,252568,6.78,67340,45.405,15504,1790055,0
browser,0.571,2,0.099,15,1.368,58.01,47.29,0.75,0.77,214333,3.67,73294,30.224,17894,1716287,0
python,0.005,0.279,0.105,30,0.038,493.37,666.52,24.81,0.27,138305,10.24,82026,77.701,13754,2352067,0
pip,0.454,0.269,0.018,15,1.664,40.64,24.32,1.63,0.25,558519,1.93,94788,35.549,11036,2296454,0
zipinfo,0.257,2,0,90,1.171,134.10,102.93,1.40,0.96,167658,5.09,95122,129.192,17367,2282918,0
vimtiny,0.001,4,0.698,20,0.538,164.53,149.01,2.98,0.55,184041,7.78,94545,107.235,14219,2269099,0
whoami,0.150,0.523,0,50,0.035,3599.01,2861.55,37.76,0.95,134083,11.20,94940,82.799,15177,2278579,0
stickynotes,0.043,2,0.100,12,1.335,57.79,42.12,1.05,0.55,317460,3.86,88320,36.630,14588,2151632,0
rhythmbox,0.150,2,0.203,5,1.064,54.40,41.71,0.90,0.60,218635,3.01,79690,26.154,14192,1984391,0
system-log,0.133,2,0.097,3,1.229,54.41,43.67,0.90,0.61,208990,2.70,83089,33.595,11350,1832390,0
vmstat,0.155,1,0,39,0.436,325.86,265.52,3.35,0.97,146691,9.37,96717,110.886,13453,2321192,0
git,0.098,3,0,25,0.783,151.11,163.99,1.72,0.95,129833,11.38,95853,60.687,22233,2300465,0
apt,0,0,0,15,0.986,160.98,141.81,0.60,2.68,54996,22.02,82141,124.539,16145,1971552,0
su,0,0,0,20,0.895,146.87,121.17,0.88,1.66,74229,21.01,81379,83.942,19661,1953340,0
gaupol,0.131,1,0.050,7,1.400,52.10,39.29,1.06,0.49,299029,3.54,94029,30.510,18364,2305208,0
yelp,0.153,2,0.203,16,1.121,53.80,41.35,1.00,0.54,250103,2.59,64393,28.461,15481,1704493,0
character-map,0.107,1,0.099,4,1.211,53.00,42.81,0.93,0.57,264061,2.33,81726,29.542,14266,2001858,0
gnome-session,0.882,4,0.300,33,0.012,11.07,12.87,0.59,0.22,48230,1.19,25984,40.036,5538,844395,0
power-statistics,0.058,3,0.162,5,0.819,52.64,39.63,0.50,1.05,116867,2.29,57358,29.305,8023,1416731,0
service,0.670,3,2,86,0,62414.16,147267.45,2617.31,0.56,165426,12.13,87418,81.558,28428,2295638,0
xclock,0.008,5,0.035,15,0.106,223.56,242.48,6.29,0.39,101251,11.94,66963,51.580,10958,2319837,0
xconsole,0.009,2,0.040,8,0.010,1027.06,1334.05,59.19,0.23,113169,5.01,45106,85.370,4211,1647516,0
xlogo,0.003,15,1,15,0.501,249.21,276.10,2.84,0.97,161843,9.23,88616,68.517,19949,2126810,0
xcalc,0.003,9,0.433,11,0.155,189.18,182.95,6.69,0.28,133521,7.03,93247,80.069,14925,2237933,0
autoupdate,0.342,0.477,0.027,11,1.038,69.52,56.13,1.10,0.63,236994,6.15,98792,33.237,12826,2370923,0
policytool,0.142,3,0.291,3,0.956,59.38,48.31,0.62,0.96,127285,6.22,82793,35.262,13551,2042454,0
telnet,0.001,0.967,0.242,31,0.995,125.05,96.35,1.75,0.71,158966,7.81,98087,124.647,12089,2354092,0
hp-doctor,0.406,0.299,0.038,10,1.499,50.63,34.44,1.31,0.39,394468,1.44,84585,19.101,10572,2075422,0
reset,0.001,1,0,46,1.008,131.60,105.05,1.35,0.97,137904,10.46,96398,101.263,14631,2313557,0
thunderbird,0.249,2,0.120,8,0.974,57.66,47.53,0.75,0.77,171234,3.89,70828,32.050,13142,1785454,0
cpp,0.001,0.814,0.542,57,0.211,502.59,506.51,7.29,0.69,157821,8.23,95511,121.297,12336,2292263,0
git-pull,0.135,2,0.146,54,0.545,73.32,65.54,1.66,0.44,165361,3.35,73730,45.044,11337,1989286,0
text-editor,0.124,3,0.103,3,1.213,54.35,44.61,0.81,0.67,254608,2.77,80606,27.795,13921,2046050,0
Pdfinfo,0.096,0.522,0.087,40,0.037,1301.36,1461.07,66.20,0.22,236547,6.32,97734,116.848,11299,2345616,0
13943,0.488,0.795,0,37,0.738,216.57,188.24,1.18,1.83,86205,12.66,93244,107.295,12601,2237832,1
13915,0.577,0,0,48,0.343,384.13,314.11,3.17,1.21,108002,12.93,93825,89.487,14077,2251821,1
14218,0.006,4,1,33,0.220,674.02,575.80,4.30,1.57,92447,12.52,92443,117.436,13463,2218637,1
18585,0.174,0,0,19,0.867,147.94,126.28,0.96,1.54,65102,19.76,86649,78.975,18742,2079722,1
36359,0.556,0,0,65,1.066,133.91,106.30,1.32,1.02,139637,12.68,96941,82.830,16397,2326595,1
40029,0.655,2,0.682,35,0.312,437.40,360.90,3.01,1.45,92388,12.67,93516,109.877,15086,2244389,1
40079,1.099,0.130,0.052,0.110,0.447,71.78,79.23,0.16,4.86,24759,2.11,45507,92.371,8874,1093187,1
41089,0.337,1,0,49,1.054,149.29,125.43,1.00,1.50,100617,11.06,95818,123.367,15136,2299597,1
41375,0.038,0.204,0.020,18,1.496,61.99,47.42,1.04,0.60,321071,3.94,95535,31.285,13880,2356069,1
42485,0.001,0.781,0,40,0.314,381.38,314.04,3.05,1.25,93834,13.17,94456,119.862,12337,2266964,1
43552,0.630,0,0,44,0.165,803.32,664.66,6.28,1.28,102347,12.31,93360,108.567,13169,2240652,1
43557,0.001,9,0,9,1.047,148.52,128.07,0.95,1.56,86291,13.61,89078,112.547,19866,2137934,1